Word  ,  Find , Time
BUQ, S , 151537
GYXRV, S , 25299
JCL, S , 23336
OLNJ, S , 20999
PDYQTVN, S , 23016
WYUTDAG, S , 21063
EDO, S , 21851
BZNTDR, S , 21410
JUINFRL, S , 21665
KEELYS, S , 20951
VBGPEG, S , 21971
TCLSUKE, S , 21484
VGQ, S , 21918
QJEDHM, S , 21632
SJXGZFY, S , 21963
KEDASG, S , 21604
RAXZD, S , 21965
WFAW, S , 21544
OEKFVLC, S , 21607
SJHHWNC, S , 22435
NUIFG, S , 21640
UUMY, S , 21770
KOHG, S , 21629
FWGVPTC, S , 20924
KGDPRG, S , 21895
IIGPOOI, S , 21059
JYEFXJ, S , 21547
ZXS, S , 21402
OVRJPOY, S , 21436
BITUUUQ, S , 20856
CHXQSYO, S , 21174
TSYVD, S , 21922
JTVKQY, S , 21305
OTVLVL, S , 21514
WJQ, S , 21928
WTGAMS, S , 22090
QWEBGVL, S , 22372
NFFZQGU, S , 22130
YVOMURJ, S , 21615
IGYKGCD, S , 21140
SDY, S , 22122
VIXKENR, S , 21805
VNXGQQB, S , 22125
WCHRBAV, S , 22449
FKXAZFR, S , 21251
YPMZSDP, S , 21878
LPZZQDN, S , 22011
HFGRUY, S , 21340
FOKZBK, S , 21332
RIA, S , 22368
APQYA, S , 20584
VVOKW, S , 22370
GTA, S , 20986
FXLIXJP, S , 21400
CHFWEHS, S , 21507
XBFYNOY, S , 22081
YQTGTQ, S , 21946
QJHLVRY, S , 22569
ZTDRUUO, S , 21682
ZFBPWDN, S , 21995
NLKW, S , 22267
BPFKARH, S , 20874
URAKQGX, S , 22242
ZITHRNT, S , 48572
OWTSCI, S , 22214
WTYZW, S , 23265
WPUZH, S , 22774
XCJXQ, S , 22492
DGVORMS, S , 21870
ITQOXP, S , 21678
IFYFEDU, S , 22365
YVR, S , 35198
TQHVPME, S , 22065
LYEUI, S , 22261
ZYLLTCF, S , 21418
XRVTVDT, S , 22426
MAOOS, S , 22229
IJKYFTX, S , 21259
YYVCTUL, S , 22463
QJLQB, S , 22499
VMYSCZH, S , 22357
FDC, S , 21205
WHHEYMN, S , 22392
ZSEIYLU, S , 22414
OPVJ, S , 21586
OZDFRS, S , 21652
IXGAE, S , 21122
SXKL, S , 30145
DPGQVVO, S , 36300
LSCBVRN, S , 22966
COYA, S , 21644
BRAONV, S , 21251
JBTL, S , 21253
VPKYLXX, S , 22921
FUFD, S , 21494
FZQ, S , 21445
TNJCSB, S , 22387
UZUWHS, S , 21888
AYWTCQP, S , 21040
BJWYBUI, S , 21212
EKDRIEK, S , 21636
SYLSI, S , 22359
BSNSHST, S , 22117
SKNXJNW, S , 22518
YVAPIV, S , 22064
BSHRBT, S , 21440
MAHAVL, S , 22828
ABULIWI, S , 21117
CJAFVHO, S , 21903
DTUJ, S , 21421
TNJUPY, S , 22599
YCY, S , 22727
HQKL, S , 21682
IKMBPBJ, S , 21652
RMY, S , 22813
NXFIWUD, S , 21908
VBITE, S , 21741
WQX, S , 22349
MBULLKU, S , 22836
ZWU, S , 21838
FINOMRH, S , 21754
NAGTZN, S , 22800
EXMSQLJ, S , 21886
UPXLBVH, S , 22357
VJN, S , 22546
RZUHJTT, S , 23106
VZGDP, S , 22632
FDCPQJ, S , 21735
OIHOUQM, S , 21902
OPE, S , 21683
WHCIOM, S , 22406
OJA, S , 21862
URRLXNF, S , 22497
BOXGQ, S , 21079
EXOVIKN, S , 21931
EZMWTMG, S , 22491
IDDWJ, S , 21746
JSWI, S , 21459
PDPT, S , 21708
GVDXQXT, S , 21468
UHFXJQO, S , 22692
GGUA, S , 21681
WXTXO, S , 22478
QWWK, S , 22307
LGTDFY, S , 22351
PUXFPT, S , 21943
AEQBYQQ, S , 21190
ALQSFLV, S , 21476
HFRSNL, S , 21817
PHEKR, S , 22133
UEBKQ, S , 22470
ZCSN, S , 22257
NPGIJRD, S , 22436
WSZF, S , 22668
UATNCR, S , 22718
QKU, S , 22623
PLPA, S , 22157
QZIS, S , 22584
LFVCIZU, S , 22866
QJTHWLP, S , 23322
VVTPG, S , 22738
DXYSGRW, S , 21916
TUU, S , 22569
MKXIPT, S , 22813
WTZMLIL, S , 22605
OQSNRZY, S , 22019
LOVCQQV, S , 22722
QETQRE, S , 22282
JATLTYH, S , 21730
IJAOIUG, S , 21631
JSHWMYK, S , 21854
QZZH, S , 22832
VMSBTLV, S , 22969
NPU, S , 22359
JYGHJWH, S , 21953
ZZICMGU, S , 21848
GVLN, S , 21395
EEAHETB, S , 21871
IUHKDMX, S , 21659
VBNXXVM, S , 22078
OJJVLCI, S , 22293
GBNGNZT, S , 21962
SBTDXGB, S , 23223
TFKCHR, S , 22408
CASFADP, S , 21841
QTZ, S , 23064
MLHD, S , 23097
CTOGO, S , 21629
VQXHZJ, S , 22658
TKPOZWF, S , 22750
KLOZ, S , 22131
WBIMW, S , 22751
JPV, S , 21809
BVAEKXN, S , 21178
GAFPEQL, S , 22095
RDFOULO, S , 22720
QIYKM, S , 22280
AFEOPG, S , 21479
GMONJ, S , 21859
VJZAO, S , 22718
DKPEFG, S , 21627
XRJJPPP, S , 22623
TSGIQYP, S , 27482
UQN, S , 36406
LQL, S , 22424
LASC, S , 22543
YTBUC, S , 22316
CZGUV, S , 21883
KXC, S , 22411
HKUEPOH, S , 22073
CCZ, S , 21544
SOO, S , 22163
IFCTEGM, S , 22195
AUYUBNN, S , 21379
EDJYFP, S , 21942
BEQFLDK, S , 21339
KBY, S , 21768
FLMBXI, S , 21523
CONVVWL, S , 21978
JCMYKWD, S , 22143
JHHER, S , 22060
OHSOA, S , 21760
KEII, S , 22056
FMHXJSI, S , 21893
NIXS, S , 22289
OKLTSTR, S , 22195
IKIKIDE, S , 21563
HCWMZV, S , 21416
TVNLKMR, S , 23322
XJHBXK, S , 22357
DQA, S , 21630
DYPZ, S , 23017
LMVCJAS, S , 23040
QMI, S , 23065
ADJV, S , 21279
TQJFSNE, S , 22865
YIDXBPN, S , 22921
HZCH, S , 22015
ZZLLMAG, S , 22115
QIBN, S , 22211
NIK, S , 22269
SQTODN, S , 22645
AUOQKIX, S , 21451
YBDONZ, S , 22488
WTLRJA, S , 22479
WIOABDG, S , 22259
GWMDC, S , 21772
MMH, S , 23070
RGO, S , 22822
LPYNEPI, S , 22953
LCQMX, S , 22814
YHATFKH, S , 22958
XPIYUT, S , 22708
OOCSRME, S , 22032
IUFT, S , 21559
WCWD, S , 22130
FDRIRAA, S , 22072
EHX, S , 21679
JUFPD, S , 21531
QESIUUS, S , 22475
FVHRQY, S , 40911
YZCGXD, S , 23522
EHORBZH, S , 23708
WPORC, S , 23243
EISOROC, S , 22882
ERPK, S , 22286
OMRJP, S , 22816
KUE, S , 23241
JUA, S , 22077
WRM, S , 23224
NTPIH, S , 23072
KQGYQG, S , 23798
CPHMHOS, S , 22571
DJDP, S , 22298
YWL, S , 23234
KDXD, S , 22579
FJOOKCJ, S , 22632
HGWL, S , 22919
GXAJUH, S , 22420
RPPLG, S , 23734
AYNUX, S , 35809
PKAD, S , 27758
XXESTDT, S , 49248
LJHYVR, S , 24554
RYXFLJD, S , 49757
ZNTBY, S , 22710
ZKWT, S , 22856
RZMWDUP, S , 24218
BUHPDSC, S , 21722
HCMDFTM, S , 21871
JSY, S , 21684
CFUDIHO, S , 22058
MFJYGPU, S , 23362
VAAGJAM, S , 22287
UCNQWHX, S , 23604
CQXTZUB, S , 22224
TQDVNM, S , 22867
WCSYQNS, S , 22806
ERHJBDK, S , 22334
TAYJ, S , 22526
DOF, S , 21720
LTW, S , 35067
CCZFMAX, S , 21446
PFEZ, S , 24250
EIBLVBC, S , 29947
PDE, S , 28989
FKDYYPO, S , 34280
WMQMPAM, S , 22611
EUSAVAP, S , 34713
CZUZCQC, S , 21384
VVJKU, S , 22210
MNVVOIW, S , 22846
DKWOJPJ, S , 22721
NRLDTGR, S , 22333
CZVUCH, S , 21534
QIJYU, S , 21712
UJQHBNA, S , 35630
DFVZLSB, S , 34200
JBC, S , 34365
EHTYUXG, S , 27591
APTTZNQ, S , 21945
SHLDYSB, S , 22826
XVI, S , 35461
NYC, S , 21183
MIQIUXS, S , 23643
YGAALSM, S , 23075
ARXVLGE, S , 31282
CMDYDRK, S , 43785
RMWWSHG, S , 35566
GVSVRYB, S , 34685
GZYJH, S , 36013
NFDP, S , 38536
MXWRJFA, S , 28525
WKYBCDC, S , 23639
NKIFAEU, S , 23000
RLAHRJF, S , 23536
NBUFHFL, S , 23695
UURRNGF, S , 22527
VZYFHHI, S , 23532
RYYYWAS, S , 24228
XEBQJSR, S , 23393
STBBNRI, S , 23388
YBOUCIT, S , 36703
JESNTY, S , 23320
RTZFFVN, S , 24625
JHHNSVO, S , 23671
PBOBF, S , 23162
ZWQZQU, S , 23110
XXDFOBA, S , 24432
XFR, S , 23724
HULR, S , 23204
VBEC, S , 23183
UQHL, S , 23521
VJW, S , 24043
GVFNKGL, S , 22867
NQWJ, S , 24045
CYDW, S , 22960
LVKZJXX, S , 24017
IPMSQOE, S , 22707
VFY, S , 22878
VDJWNZ, S , 23047
AOZR, S , 22310
XKSJ, S , 24004
JAHSAVW, S , 22834
VYZVAGR, S , 39640
IQU, S , 23413
SISNWNK, S , 24263
KGVLH, S , 23611
JPPLKNG, S , 23748
KBXB, S , 23161
OJGEGEL, S , 23434
MYF, S , 30407
UTACBPC, S , 29004
TJKTFU, S , 24967
FUYSYSS, S , 23083
ZPKDRD, S , 23644
THYAGYN, S , 24413
DNYNGP, S , 23310
LZLGI, S , 24415
LMOUXSY, S , 24255
PKBFC, S , 24192
YDCJPAG, S , 40080
DYTC, S , 33147
UTFZE, S , 37628
TFMYW, S , 33435
SVVGXB, S , 34903
BMRNXVM, S , 37513
CGAAFNI, S , 26721
HCKIKZ, S , 24976
EYPOXXV, S , 25670
TDVB, S , 25548
QEHREFG, S , 25012
APKCFKQ, S , 24741
WBJUG, S , 24915
XPZ, S , 25067
IGZNVRG, S , 24293
REZYBEI, S , 27503
IDS, S , 25234
QBEIRH, S , 25599
XMODZJF, S , 26026
HSBNG, S , 25091
BPJCUMY, S , 23709
MMOLXPJ, S , 27381
CWLVBJA, S , 26156
YGB, S , 26971
KILKCG, S , 24980
DTSSEU, S , 24562
HAK, S , 25162
HUKQVBS, S , 31936
FYE, S , 24870
AWBLM, S , 32909
YEWB, S , 26041
AXFPWBC, S , 25129
SGZQZCF, S , 26276
TDHRMXP, S , 25755
YQSQVA, S , 24626
EZM, S , 25603
NJH, S , 32888
VKDOR, S , 37618
SDGPEP, S , 34329
OEIG, S , 25274
WIGFRRN, S , 25330
MAVO, S , 26141
LBRODXN, S , 25839
ZQT, S , 26000
OGCO, S , 24993
VZTY, S , 26160
CGHVUB, S , 44008
MIGGXLV, S , 25194
TWHU, S , 25100
BKPKWOZ, S , 22334
QFBPWVT, S , 23078
ZEES, S , 23317
RMXWFFJ, S , 23880
EUMPALU, S , 22993
TEVJFZ, S , 23504
DMROTAM, S , 23052
OIDW, S , 22592
BAAGOIR, S , 21980
DCNNW, S , 24948
RUOSRHM, S , 24509
IXV, S , 22529
GYUKWAW, S , 22703
UJIWFRY, S , 23527
SLYNS, S , 23101
CUXPAEI, S , 22822
YCULISL, S , 51138
GSCPJ, S , 23507
SDUP, S , 24533
YBILOHC, S , 24590
FLG, S , 22817
VMTT, S , 23811
SFJR, S , 24024
PNDSSBJ, S , 23705
JPVFO, S , 23114
RNYU, S , 24213
XLPRVBB, S , 24699
XAD, S , 23068
NGOFBIP, S , 23863
IVADYE, S , 23056
LYW, S , 23980
UCXUWKL, S , 24456
EYHEKBE, S , 23932
CZTM, S , 23171
PZNONU, S , 24557
NEBZM, S , 24461
EREXWOX, S , 23392
PAKIPUU, S , 23649
UNFUSJD, S , 24267
TLJMOLK, S , 24123
DCO, S , 28745
PDCQNQA, S , 23797
JAQG, S , 23174
AFEVHBS, S , 23000
YJYFYW, S , 23794
SXOKQQM, S , 23862
KJCNOPD, S , 24247
XGSHAZK, S , 24581
KGDFIZV, S , 23515
KNTCX, S , 23389
VFCC, S , 23445
APCWPQ, S , 23100
CBMDCI, S , 23287
UAP, S , 24561
BYED, S , 21807
WBFIYOI, S , 35039
HST, S , 21225
VYTV, S , 24742
JMDSLTR, S , 21459
JVQTK, S , 20172
RAUQ, S , 21426
XIB, S , 21954
OVU, S , 19948
SHAVIGQ, S , 21917
MVFNOVO, S , 22461
JJLVWT, S , 21417
WSSBDVD, S , 32978
EYNQQD, S , 19578
EWP, S , 19347
SZWYLSE, S , 19605
AOGDWNP, S , 18988
IMFLH, S , 18984
EUPHPSY, S , 19695
LGENCPT, S , 19678
IHNVELF, S , 18746
ZGDU, S , 19393
MXQBY, S , 20813
ZJMJEYI, S , 19731
GNETRAB, S , 19528
KVB, S , 20129
KUGV, S , 20212
CTE, S , 19191
VDZFYPK, S , 19657
BGMVBCH, S , 18588
KNTYKL, S , 19452
PSVDRCG, S , 19679
QDR, S , 41133
QXRUVMW, S , 20684
QEN, S , 20062
DHPAU, S , 19785
RDRDDEP, S , 20932
GBP, S , 19699
OUZL, S , 19320
VWB, S , 20817
LYPJ, S , 20582
XBFC, S , 19808
NIVN, S , 20286
LDBISS, S , 20398
HDPMZZB, S , 19586
GMNP, S , 20464
XBO, S , 19745
VJPJ, S , 20623
FYTRH, S , 19441
ZIWCSOY, S , 20383
SAYOIVX, S , 20786
PREQMG, S , 20284
YWAYW, S , 19966
JHKS, S , 20574
SVDURTW, S , 20676
WROEP, S , 20646
PLU, S , 33116
SJFKQV, S , 20946
ILBWXK, S , 33191
EDTZC, S , 31620
UHFRHDD, S , 19922
PRKSN, S , 19986
TXUCB, S , 20541
KVSEOWY, S , 20014
NABQSB, S , 20638
SWWB, S , 19888
KORD, S , 20198
LRHGNAS, S , 19852
UZYPWEO, S , 19212
IDZH, S , 19334
MKSWR, S , 20275
NGTP, S , 32563
UPCRDWJ, S , 20387
GML, S , 19641
NWB, S , 19552
AGGPQOU, S , 19405
KEVDP, S , 19986
ZVITL, S , 19859
ALNLZVK, S , 19622
KGDUDVT, S , 20053
MAJIUUB, S , 20320
UXJC, S , 19692
RLLIHEE, S , 20811
NYHHGG, S , 19738
JHT, S , 20560
QEOYE, S , 20051
ZBB, S , 20166
RKFHPTH, S , 20498
WKNGF, S , 20359
CYCVHGY, S , 19844
IQH, S , 19540
SZLASHR, S , 20099
XBDFWCA, S , 19868
AMGCX, S , 19281
MTDZF, S , 21121
WPFW, S , 20406
DBSL, S , 19872
TBWX, S , 20096
TDW, S , 20546
GMU, S , 19832
MCDWZTM, S , 20663
UDIZGL, S , 20614
NDXMHYY, S , 20871
AAT, S , 18860
NAOQ, S , 20555
KGCVV, S , 20191
CYH, S , 19539
UPSBB, S , 20365
NASJFFB, S , 20804
FEJUG, S , 19701
GZGDGGC, S , 19619
DXBPMA, S , 19966
HAV, S , 19753
KJGCBXS, S , 20447
ZDPLBQC, S , 20495
XJZU, S , 20393
FKH, S , 19453
HJTATF, S , 19900
RAMQD, S , 20408
FDBKRCE, S , 19907
DEZF, S , 20186
CFFFQRC, S , 19860
YFBY, S , 20749
ZUTUZEX, S , 19983
DIEIQJC, S , 19737
UFOZGBP, S , 20220
RDGXRS, S , 20734
ODU, S , 19853
TKLFFJK, S , 20330
XIXDRQQ, S , 20781
MQZCVXK, S , 21303
VOJRAQW, S , 20421
BCAK, S , 19116
YJEBKHM, S , 20641
DFKRBJD, S , 20510
CHSIOT, S , 19149
MALKZWD, S , 20287
GVHWVO, S , 19416
WNNFTKY, S , 20320
MYVXZXD, S , 21449
NFNA, S , 20175
XWAAWKJ, S , 20761
SYOAWM, S , 20221
LPDSHU, S , 20081
PFDXZH, S , 19757
YRADSUY, S , 19913
QNQ, S , 20567
MCLJB, S , 20813
UFQOQ, S , 20276
WNSHUVC, S , 20616
RRVOO, S , 20748
TFWIVLU, S , 20518
VZNXD, S , 20692
ZHLRFZA, S , 20040
GZRHDRS, S , 19718
TBLTDYC, S , 21924
GMEQYVI, S , 32220
CDVPXXV, S , 18786
JLGTZDF, S , 19279
FTIUR, S , 18240
HEUKNL, S , 18268
NBHGENN, S , 19998
XCZWBHL, S , 19365
LZFNM, S , 19356
WKQKCQE, S , 19350
PUF, S , 19199
OSCZBXC, S , 18474
GTGICML, S , 18131
OTO, S , 18564
NERFVP, S , 19478
BQREIDM, S , 24806
LCY, S , 19618
GKQ, S , 18853
HOTQR, S , 18823
LVDDHKY, S , 19698
BRQANJV, S , 18394
KQNQJ, S , 19684
AGAKXRL, S , 18518
MZCIPE, S , 20467
WPSYQ, S , 19056
YBXRYXE, S , 19602
YLJ, S , 19093
LVAUPJT, S , 31850
XFQXTO, S , 18728
YVYKVZL, S , 18682
OKWWMZD, S , 18563
LFLXVYJ, S , 19032
OEMK, S , 18216
HIBM, S , 18457
EADLN, S , 18372
WAO, S , 18999
HEVHD, S , 18036
UMOJAUW, S , 18809
MQJHN, S , 19841
LRDXZGL, S , 18767
DZEGBO, S , 18610
DQFFQ, S , 18175
MZWEWH, S , 38499
ZOW, S , 32740
BJZCOAR, S , 31521
MRPML, S , 20435
LIFMAEK, S , 19235
HTMRKAO, S , 19186
TEQEDPP, S , 31854
FZJSDV, S , 18041
WNA, S , 18877
YUGTOVV, S , 18590
IKCEIDS, S , 17890
STWJ, S , 19025
CDRW, S , 18409
DNHZMTF, S , 18574
SWHW, S , 19152
QMSVX, S , 19204
SDMYDCY, S , 19973
YIRNN, S , 19046
QOVEGK, S , 19051
BENPNPH, S , 32255
MPR, S , 33553
BZHFHY, S , 18145
JBVPCU, S , 18209
OQBR, S , 18582
UGE, S , 19428
JEKXA, S , 18827
SKOBMYO, S , 19083
AJSU, S , 18079
NTNYOL, S , 18724
WYXTKKL, S , 18278
OONGJBS, S , 18153
XMPNWNI, S , 18885
ASGC, S , 17598
IMWMGSH, S , 18012
BNL, S , 17455
CMZLLGF, S , 18234
XDKOI, S , 18891
JLZJCCQ, S , 18958
YUZTIFP, S , 18382
HBUCKLQ, S , 18401
CWFBYXB, S , 18615
OCEM, S , 18483
AXLMVI, S , 17893
JHMKX, S , 19096
IEDDFY, S , 18270
XSXDFLL, S , 18892
SBHPT, S , 19110
KYAG, S , 18654
VDXYV, S , 18452
ILJHOP, S , 18063
BVHYIRR, S , 17574
GGRIFH, S , 17985
QYZLS, S , 35973
FZHCWSC, S , 19630
GCHDFV, S , 18866
JEQM, S , 18957
AQHIXQM, S , 18434
IFAYW, S , 18965
OIECSAW, S , 18565
VYHFJD, S , 25383
VCTAVVN, S , 19522
MTTNZFA, S , 20297
RQBOMW, S , 19903
BGGRTTW, S , 18241
WPSURMI, S , 19336
TKAH, S , 19632
DCTQHSD, S , 19089
CIGPX, S , 18223
WLQOM, S , 19166
ONSQYNE, S , 18607
OARZVBD, S , 19114
DZHXJ, S , 18919
PENDHWZ, S , 18653
ITPAVIQ, S , 18460
OJGALTR, S , 18655
YTLH, S , 18831
BBJ, S , 18007
EMSJ, S , 18422
IQMYBAT, S , 18640
IWDQPHM, S , 18432
NQIDSZ, S , 19211
CMXIND, S , 18572
DFX, S , 18549
SJTBSSJ, S , 19286
MEWVGLZ, S , 32795
ZOJNONG, S , 32370
OLFYW, S , 18686
PHIKVX, S , 18863
EHKRG, S , 18737
CTRIKFR, S , 18710
YCDUOHO, S , 19654
PZQQS, S , 19155
IWEJRCN, S , 31161
IINYNGK, S , 18410
KIZCBCP, S , 19622
JDKY, S , 31822
UJYOYH, S , 32164
JTQTCHC, S , 18848
ICDNSGA, S , 19006
AZPG, S , 18307
JKNLIAT, S , 19756
GNHU, S , 19083
DSSQIVH, S , 18938
UCKR, S , 19305
SYIXD, S , 18927
INDRRTU, S , 18424
HXYNOU, S , 18589
FQKKGDD, S , 18084
CVEPCMP, S , 18920
MGIPE, S , 19489
QVFQCMR, S , 19259
NCBDK, S , 19558
HGCV, S , 18436
LPRDYV, S , 19173
IJVVONG, S , 18457
MMEGIWE, S , 19580
ZEBNX, S , 18988
FEUKQ, S , 18646
LQUDWIA, S , 19384
CPFPWLD, S , 18375
CXLKDXU, S , 18722
CKVHMLK, S , 18619
CNMUYSH, S , 18571
KWUBCXP, S , 19519
TVVWWUH, S , 42167
GVI, S , 19379
FFMQKCJ, S , 19486
THHVBW, S , 20094
HRI, S , 19337
TULTJIF, S , 20008
IOFGXPO, S , 19156
SHMUD, S , 20336
PGKOO, S , 19958
OXK, S , 18865
OOB, S , 19436
HYF, S , 19229
OIURBCP, S , 18875
HHSLQIB, S , 19922
LCJZGWS, S , 20279
QOL, S , 20035
XXO, S , 19573
FSD, S , 18758
UBNRVGH, S , 22395
TQEY, S , 22153
BPSC, S , 18776
CYV, S , 19504
AQPSPA, S , 19447
GAZFHZH, S , 18989
JSRQZPI, S , 18722
WYX, S , 19181
LVJNI, S , 19739
HCRAM, S , 18558
HKRC, S , 19600
JMLAQML, S , 19636
LRAJOX, S , 19979
OZEJB, S , 19283
JEPOYNB, S , 19585
HRFXTRU, S , 19551
ZFEMB, S , 19381
RERFAUP, S , 20199
TXYYFGQ, S , 20559
SSKE, S , 19607
YSJ, S , 19265
ASC, S , 19159
JBUYEB, S , 19591
KWPHB, S , 20549
FWVWIOS, S , 18582
HZAAKG, S , 19502
FXCN, S , 18408
LDZJ, S , 22031
HWCW, S , 19506
VFHPWQP, S , 34908
WQGISGA, S , 19090
PWJVMB, S , 33387
CICYALO, S , 19371
MJCXDZV, S , 23280
CKMSXRW, S , 19639
WFQLNFK, S , 21455
EXFVG, S , 19879
FYJD, S , 19061
UKEQ, S , 20155
QNKGRF, S , 19934
CEO, S , 19804
OAKT, S , 19519
TDQQE, S , 19916
SKYHMKU, S , 19319
TPLRWHK, S , 20456
IUMAEQ, S , 18325
ZAMODUJ, S , 20414
TTZOUHT, S , 18830
AJCOT, S , 18005
MFCZAO, S , 18371
ANV, S , 17980
MFLT, S , 18222
BBDCLOJ, S , 18114
PQXUS, S , 18430
VSYYVSJ, S , 18252
ZSUM, S , 17963
BCKI, S , 18002
HOUI, S , 18205
GUMVY, S , 18035
RKOHLME, S , 18304
QORGAWU, S , 19304
LKZ, S , 18126
BEPLDBB, S , 18809
SXPHM, S , 18680
YTHT, S , 27366
LJZZ, S , 17953
NUYTY, S , 31922
AECAXGB, S , 18456
MIZTMYN, S , 18748
XXJMJ, S , 18597
IFJS, S , 19742
IXRYOEZ, S , 19290
ITG, S , 18773
PMZOEKS, S , 18897
GIIQXAQ, S , 18940
EKLW, S , 18645
NABU, S , 20111
LNGWMFW, S , 18427
WJZZTOF, S , 18726
IEIAEWW, S , 18834
VINOP, S , 18403
CQITGL, S , 18407
UGCXJOB, S , 18673
AQETW, S , 18301
WMOWLLE, S , 18823
NNOARYQ, S , 19022
EZRPX, S , 18632
XUMWHCF, S , 19005
ONIVKSP, S , 19042
SJJGILB, S , 18111
DKNPTY, S , 18451
DDXL, S , 18131
XCEJ, S , 18123
DAOINXF, S , 17813
JXVM, S , 17893
KFBJYVX, S , 18014
JEQTFQQ, S , 18142
PGL, S , 17872
CJYZH, S , 17984
PSBYIMJ, S , 18065
UUU, S , 17740
EJSZTEZ, S , 31661
LYT, S , 17659
MVWHK, S , 17647
IZEOWH, S , 17458
DCJTCHG, S , 17320
SIEMOHO, S , 18706
GUXII, S , 17671
YZRNVDJ, S , 18179
MIXFHTD, S , 17728
KRTBFDU, S , 18205
GXSMABW, S , 17621
WOKGG, S , 17807
TXXYC, S , 18012
GKAR, S , 17902
WNEFNO, S , 17581
NGO, S , 17725
JLU, S , 17326
LHBMTX, S , 17428
VLWWZQI, S , 18920
EIPO, S , 17211
QAUJIY, S , 17479
XTPD, S , 17399
INWCUJ, S , 17575
QNWR, S , 17420
QMBUMPE, S , 17286
XSHQBBN, S , 17122
WVQG, S , 17679
SIKZVM, S , 17429
XVW, S , 17381
ETGEF, S , 17277
UFCNWGR, S , 17204
CVGAFC, S , 17718
BSEL, S , 18312
KUUVR, S , 18199
BHPONNL, S , 17506
BXYRRXZ, S , 17584
MIQQP, S , 18352
ZUEMN, S , 17550
TUDFI, S , 17288
MZQQQMP, S , 17782
NCFRO, S , 17474
YPCDLXO, S , 17579
ALXYGES, S , 17274
ZIOUUCH, S , 17465
LNTFMLB, S , 17858
QRDNUXN, S , 17355
IAQELKA, S , 17874
XAFJ, S , 17861
IGGGXQ, S , 17913
SJBDX, S , 32113
LAATSVS, S , 17500
ILGZ, S , 23753
EKFWI, S , 18449
CTURQ, S , 17503
ELJES, S , 17277
JHTWMDF, S , 17617
EZLD, S , 17538
BUQFMS, S , 17194
ULXXIEB, S , 17564
XTNKQZT, S , 17541
IGWGCBX, S , 17347
WPFDCV, S , 17743
MXWJV, S , 17764
VOX, S , 17327
HOI, S , 17354
PXNGHJT, S , 17823
LTQ, S , 18276
RXBZ, S , 18489
BRRUK, S , 18184
IEI, S , 18175
MYQBIU, S , 17694
OZEWJX, S , 17635
OVYHLFS, S , 18244
BMHRPD, S , 17632
CJDEVEU, S , 17438
DYNKOVW, S , 17483
QSSPBS, S , 17507
EKFVUSB, S , 17453
NFMJIIY, S , 17420
ZPDNIGA, S , 18348
QHNEGGP, S , 17460
MXWWPP, S , 17591
JDCG, S , 17456
CZEAFW, S , 17394
GJDCV, S , 17997
VKIF, S , 17626
FNUQPHA, S , 17374
RFL, S , 17534
ZJPIJR, S , 17404
RRKMA, S , 17540
ZEOSDWH, S , 17328
QWFHBGK, S , 17302
IDGQR, S , 17395
GVXJFLI, S , 17480
KPTP, S , 17472
UFPCNSA, S , 17434
LBICCNJ, S , 17353
VDHQDL, S , 17520
ANG, S , 17699
HMLVFFV, S , 18581
JBS, S , 17637
TAWFOEC, S , 17292
VFNDKUU, S , 18087
BAINEMA, S , 17370
FTXPATG, S , 17378
EWRCNVA, S , 17468
JTOOZBA, S , 17250
OGM, S , 17298
AIKZM, S , 17474
MEKJWZ, S , 17543
TOKZQD, S , 17519
HYKIMQQ, S , 17853
QHYOAKA, S , 17468
XOIKCEX, S , 17717
ZTNUW, S , 17638
KPFIWL, S , 17725
ODYGFDD, S , 17492
VMDXV, S , 17759
ICUCNLW, S , 17352
ABQR, S , 17349
YLSP, S , 17646
QBK, S , 17344
QJTI, S , 17183
YCGAWCO, S , 18524
JYEBVGN, S , 18321
QPFWDZ, S , 18596
JIRJYTH, S , 18338
ADUMOV, S , 17209
FWPAVDW, S , 17400
JNUCXUG, S , 17249
KJQZEOG, S , 17844
CNQW, S , 17445
QWLERBQ, S , 17986
UIZCTQT, S , 17888
DDPVBHD, S , 17561
YASJMHP, S , 18703
VJSREP, S , 17777
IYBFHR, S , 17407
MSXRURF, S , 17838
IMA, S , 17480
CATKQSU, S , 17384
QBFM, S , 17351
CQOYTI, S , 17346
UZM, S , 17339
LYIZQ, S , 17392
OZNPCOT, S , 17697
NYKLI, S , 17159
APRE, S , 17070
NIF, S , 17316
QES, S , 17304
DUZIN, S , 17289
SWQ, S , 17757
KMP, S , 17219
SPVO, S , 17214
TCPR, S , 17302
SVTZJSJ, S , 17576
PZN, S , 17392
PAZXTYH, S , 17213
HQF, S , 17626
NXYRHEK, S , 17240
RWVGLHY, S , 17624
VONNUY, S , 17351
XIQHBH, S , 17020
BONGQJ, S , 16909
AWDUPL, S , 17161
NVBB, S , 17479
OSSTNV, S , 17381
VJVTLQZ, S , 16881
TGEXFJ, S , 16712
FFH, S , 18425
TNSAPQL, S , 17634
BGQRH, S , 16597
ISG, S , 16271
FRGWNYP, S , 18347
ZHXI, S , 17702
EHXF, S , 49300
TTSXCV, S , 18201
ZOMNOMY, S , 18489
TEW, S , 18785
YGFMCO, S , 17848
INTTOKO, S , 17279
AMKJCFV, S , 18222
MFZQV, S , 20167
REYU, S , 17674
CQDPXEZ, S , 16501
OYKTUCS, S , 18156
HMLGTQF, S , 19422
CRSWVDU, S , 20474
UFPUITE, S , 20266
CRLQKPV, S , 16853
NGZA, S , 18162
EYIKFD, S , 18191
EHTECXD, S , 17700
IST, S , 18851
XIUU, S , 16892
OIHZDFE, S , 17468
ZAWBPYY, S , 16906
EHUJXIE, S , 17263
HWJSJRH, S , 18994
BURSXJA, S , 17361
WBWRARQ, S , 17175
YFAO, S , 16515
BFOY, S , 16782
JMJCKLO, S , 17217
AYDQRDR, S , 17036
YILKPHR, S , 17797
BFO, S , 16126
KCQYZZF, S , 16847
MQZYZOV, S , 17202
ETTSW, S , 16898
HFJK, S , 16070
FSRH, S , 16501
BQQXQTM, S , 17340
KJLI, S , 17413
WPSIU, S , 17499
XWTLR, S , 17277
QUX, S , 17547
TGBAT, S , 18599
VAZEYMS, S , 16449
VIEGDGP, S , 16471
JPVBBLN, S , 17558
PMCRIWX, S , 17422
LOQSBW, S , 17943
KVGLQ, S , 16740
BAOVLM, S , 16793
LXFGPQE, S , 17158
AEZF, S , 16569
JNIRNEH, S , 16517
CRBYQYI, S , 16633
VMHLDSS, S , 17319
EJEIFQ, S , 17085
RDHKDOB, S , 19205
IEVADR, S , 19535
MBUPUAJ, S , 16788
XXEDN, S , 18038
TQFQTLH, S , 18600
NLVVTV, S , 33849
TFXHU, S , 20705
FCH, S , 18421
NRNDSCN, S , 20184
RGCBZBQ, S , 17956
ALK, S , 16699
DYHK, S , 16909
YXGOFZ, S , 18467
AVOQTXV, S , 20252
YRLCMDA, S , 19981
IWZF, S , 18672
CHRUE, S , 17652
SPUIZJT, S , 18425
HIDI, S , 18584
LLO, S , 21645
CCA, S , 22008
YRFKH, S , 21239
FXMSI, S , 18667
KNJRYPE, S , 18682
NZUU, S , 18731
RLLT, S , 21273
BDEKJUT, S , 20748
IXSKI, S , 17939
AZBSEI, S , 18665
QZOXIDW, S , 19999
TAYJJVM, S , 17404
URNJSK, S , 21626
FOYXQTZ, S , 19156
VMBGAOJ, S , 16811
ULGX, S , 17115
HBGMY, S , 18252
AAFDQ, S , 16661
NLFJ, S , 18307
FXQNZC, S , 19722
YGY, S , 19951
OKI, S , 22662
NCS, S , 27843
BYPKAZP, S , 19149
DFLANN, S , 19571
DVNHJB, S , 31142
KXHGAKG, S , 17339
EUETZK, S , 18244
WJNT, S , 17517
YYHNB, S , 18281
PFFNUTO, S , 16442
FTMOFEF, S , 20716
NYDM, S , 16109
GRDUJBN, S , 16788
LNSIF, S , 16671
QDFW, S , 17056
YRRGXGE, S , 19466
EFWIOJ, S , 16372
YFXBLR, S , 16581
PKQZUTM, S , 16375
JKMS, S , 16609
UOXENGF, S , 16488
TMTG, S , 16252
YTIYXAK, S , 16640
DDXPS, S , 16904
EIS, S , 16420
XSMBGTK, S , 17411
DJPN, S , 18810
POFSV, S , 19332
MESC, S , 17818
KGZSGSV, S , 17009
LUOJKB, S , 16821
EYXVMSG, S , 16914
WUOCYAA, S , 17259
QNPE, S , 17355
WTWN, S , 17018
XSOVZ, S , 16476
EEQA, S , 16932
RSFMVW, S , 16639
SJCC, S , 17117
BWMT, S , 16372
JSTTJJQ, S , 16710
BROD, S , 17054
MDVDBRD, S , 17981
BQIO, S , 16401
PNRCCKD, S , 19262
FJLAZKG, S , 16537
NKN, S , 16697
OPJXE, S , 16730
CIINKAT, S , 16667
UNJMTKP, S , 16983
KWP, S , 16692
SQPGGTW, S , 16808
CIBMBKP, S , 16984
ZCIOS, S , 28306
YJZKSFI, S , 23650
TNHAYL, S , 23497
LBNHJLQ, S , 22868
CKDPDFJ, S , 23497
QTVWU, S , 22561
NXVHDNJ, S , 22910
LYLKJHS, S , 22842
ORYD, S , 21415
LAJ, S , 21405
HUXM, S , 20920
DPPS, S , 21295
MFM, S , 20883
LTVFPW, S , 21455
SWYTAFS, S , 21249
HKE, S , 21007
PIUMG, S , 21970
SIKFCAJ, S , 21442
BPBHCTE, S , 22629
JOUBPE, S , 21354
ZIQOEH, S , 23262
XSZ, S , 22782
LCHWDFO, S , 21291
PYRR, S , 21786
NNGXS, S , 23383
GLCEKU, S , 22199
JKCOW, S , 24114
VPLC, S , 21750
QYSKLR, S , 23652
VYKBO, S , 24155
UXHVUJX, S , 20894
XLWM, S , 23961
PXJ, S , 21892
WBNZBJO, S , 47125
ZXJPVO, S , 22450
OCQCTTF, S , 21907
OPRS, S , 21201
IREBF, S , 25944
XFKOCY, S , 21028
HQF, S , 23620
JNZMBDJ, S , 22839
CWC, S , 22498
UKHKLXN, S , 22034
QGSISSK, S , 23066
SXT, S , 21804
KEMLR, S , 22737
KMG, S , 21975
MTMALFT, S , 23507
DEIXTQT, S , 25497
QEOBGAG, S , 21977
DQYHMX, S , 23752
MRARZ, S , 23921
UMVMWCO, S , 22479
HROPRYN, S , 20856
NWVTVMB, S , 20781
EOEJDMR, S , 21078
DOCWTFM, S , 21560
QLFLOH, S , 21160
UATITHR, S , 21552
KDLUB, S , 20930
VLJD, S , 21748
SUU, S , 21366
NAFMSB, S , 25849
NNVVDNA, S , 23513
PVQM, S , 22573
ZBMSNTR, S , 22195
DSZLLIK, S , 23200
EKPE, S , 24707
MWJUYWG, S , 23877
FPQMIYQ, S , 22314
MRIEUDN, S , 22231
QIVSQO, S , 24565
PDCIQCQ, S , 24105
FNB, S , 23496
LWRPYRI, S , 24173
KDT, S , 24940
PQB, S , 23972
QTFMSVN, S , 23507
AMYP, S , 24667
WFXECW, S , 21607
OMZZEIC, S , 21421
MSVG, S , 22370
MJDQG, S , 20226
YFY, S , 20690
MQQQOZG, S , 20328
FXMNZQE, S , 19892
HXRNFTN, S , 21278
VCHTCKL, S , 20116
DLSDYCJ, S , 20315
SPFK, S , 20231
OZDF, S , 20642
CPUFT, S , 20482
JSFXDJT, S , 20244
GDMCADM, S , 20663
MASHPWB, S , 19777
NWQSDTR, S , 20697
PLEKR, S , 20680
JLA, S , 21140
DJYWGYO, S , 20001
CKKSWAY, S , 20534
VAQPJ, S , 20207
AIFRN, S , 22518
VJZJQ, S , 21215
VMPKVJS, S , 20920
JYRIK, S , 20808
CNUX, S , 20579
GEUGBSH, S , 20178
LZOZF, S , 20660
BMOLBCO, S , 20163
TCMPDEP, S , 19961
KQMCFDZ, S , 20058
MAENSK, S , 20143
UIJIJJG, S , 20078
PNLILRY, S , 20140
HRPOSD, S , 20585
XLRVZW, S , 20135
AZPKZ, S , 20175
MOX, S , 20217
KCRGA, S , 20106
CDPIQDX, S , 20617
SIWL, S , 20203
GCAMF, S , 19950
SPBR, S , 19941
SSQBWSH, S , 17090
ODX, S , 28385
WMDJT, S , 16315
ZOKC, S , 15713
QSEPETK, S , 15500
IUNY, S , 15276
DSOHZXR, S , 15413
SUKQ, S , 15446
UBPUB, S , 15542
TLQETTQ, S , 15444
KERAI, S , 15952
IET, S , 15757
MDMTY, S , 15424
RVKM, S , 15674
VWI, S , 15746
CWWEOR, S , 15463
VXNX, S , 15350
LYPMNS, S , 15510
YGJ, S , 30052
VCM, S , 28612
RYU, S , 15700
TLPN, S , 15336
TOIF, S , 16204
EKTPOIP, S , 16052
TLLMAHT, S , 15509
EVLC, S , 36517
AXRSKAI, S , 19417
VREZR, S , 16300
RZJC, S , 16466
SLYBJ, S , 15766
ONUZGCP, S , 15844
DOFNU, S , 15815
GBTOHPI, S , 15700
VBC, S , 15775
MRL, S , 16432
XVZKNUD, S , 16108
QTAFZC, S , 16232
ZWIFQFC, S , 16043
DMTQWAB, S , 15882
NANZRJO, S , 15902
JUCMGGG, S , 15800
WBBRU, S , 15858
BYYXVQF, S , 15621
KVUEH, S , 16138
RZFXG, S , 15775
PXVZJVM, S , 16088
IIH, S , 15652
VQJL, S , 15833
RWR, S , 16229
GBZSCMP, S , 15724
ZOOXYDJ, S , 15859
HJMZYP, S , 15995
LXOFQBS, S , 16001
YJWAADZ, S , 15838
MOMNGSR, S , 16516
KGZH, S , 15900
MKUNARP, S , 15724
BFPWR, S , 15726
AYCQ, S , 15835
QBODRVJ, S , 15794
RHMQFVG, S , 15974
NIDUVR, S , 16165
VXLCBCE, S , 15993
GFQJHE, S , 15922
VMCZCLS, S , 15944
XRLSR, S , 15563
DNQIOG, S , 16071
GZYKN, S , 15677
ZFZ, S , 15708
CPNY, S , 15703
LNTACP, S , 15815
HZMB, S , 14980
SPJD, S , 14817
PNICVVA, S , 14923
CFQZADC, S , 22076
QHMN, S , 22738
NTFHIZ, S , 15678
WZTRHPV, S , 14759
DSI, S , 15014
IBAVGZI, S , 27278
PRIUX, S , 14717
SCDHULT, S , 14469
PEZCNID, S , 14272
VGWLMRD, S , 14299
BVIC, S , 14536
JYYB, S , 14258
HFNIWXH, S , 14280
BZBPC, S , 14346
EGLSFO, S , 14612
IAUCQXL, S , 14410
JAAFQBP, S , 14631
QSYLJ, S , 14964
GDOHOGC, S , 14407
EBE, S , 14561
AFHB, S , 14555
AIJRHY, S , 14518
SKJCRO, S , 14157
MWJ, S , 14698
RLRMOLX, S , 14652
RBMFCSS, S , 14024
PSI, S , 14486
JFCFKNA, S , 14372
GCJVB, S , 14206
RVANEES, S , 14675
NMCVVTT, S , 14490
PLRU, S , 14133
DPRROGG, S , 14200
UVLWHQX, S , 14224
AHHYUEW, S , 14229
MFZGMYM, S , 14653
HVTO, S , 14408
YQFCTX, S , 14463
XVJPDB, S , 14344
UPYDRBN, S , 14303
DQTTBOY, S , 14193
OXXNR, S , 14353
EINGQBC, S , 14455
EIATLVY, S , 14886
LBRW, S , 14397
PBGPCKW, S , 14525
YOQFKGN, S , 14853
ZLPRYV, S , 14415
TMZMAU, S , 14658
HIJIQM, S , 14561
WHEZKLA, S , 14123
QHDQ, S , 14490
HEXUKRY, S , 14328
ALNXFFN, S , 14280
HVYHFQF, S , 14249
JTCSIS, S , 14224
STY, S , 14924
GSY, S , 32402
MVOTFTM, S , 28434
HBIG, S , 28228
UES, S , 14729
HRL, S , 14826
THAQGGL, S , 14887
RDRLUGA, S , 14686
ORHKV, S , 14660
RNY, S , 14571
HEREJGK, S , 14702
HNVGB, S , 27224
SNKB, S , 14423
CURUESW, S , 14647
XFA, S , 14413
KMTYUC, S , 14391
FNFEILF, S , 14560
WGQVQXY, S , 14544
SZYGNN, S , 14603
QADP, S , 14510
ASETL, S , 14544
XAONWAV, S , 14515
BSNJVR, S , 14626
CZBCPE, S , 14575
ZAZD, S , 14497
GVDSTO, S , 14508
YYPG, S , 14361
JONSBOJ, S , 14686
PQXTFXG, S , 27533
XBMZXRH, S , 14640
JTVYI, S , 15144
TUV, S , 15598
DLLRPC, S , 27341
ZFQL, S , 14435
DELPJYI, S , 15537
EZJ, S , 14744
SEHN, S , 14478
MXDYPDV, S , 14581
XOVRYYP, S , 14644
ZFYZIO, S , 14382
LSYU, S , 14226
NSXZGYF, S , 27373
MIO, S , 14706
CHOND, S , 15600
KIXNA, S , 14914
KRXYB, S , 28021
FQB, S , 15356
KSBOJNH, S , 40683
CSREM, S , 15303
VEAK, S , 15252
RADSLH, S , 15030
ASJ, S , 14778
BGX, S , 14785
ZHXOORB, S , 15115
XVARENI, S , 18518
AWTDDWM, S , 14973
NVHW, S , 14802
BJFYX, S , 14793
ISBTT, S , 15110
TKTK, S , 14678
FYJDU, S , 14837
XAWSNZ, S , 14827
ETMRK, S , 14727
WIGPBLL, S , 16344
BSYUS, S , 16773
OTKKZ, S , 14796
USYEGLV, S , 15061
DDW, S , 14961
HVSZPU, S , 14936
QEZT, S , 14690
MWPFY, S , 15066
ZEBAGUA, S , 14807
ACWBZBG, S , 14529
QLRYLDN, S , 14931
VRVZT, S , 27836
KFP, S , 27965
HPKEJK, S , 15229
IOIMYBC, S , 15247
DXRKBWK, S , 15027
EZPGLUZ, S , 21424
LXYTMVE, S , 15341
XFH, S , 15172
YKJN, S , 28259
COTPQIZ, S , 15146
YVPGQZF, S , 15250
JWYE, S , 15940
TJHLMM, S , 15479
AASCFPH, S , 15223
RZRACHM, S , 15710
NJLTNMP, S , 18059
EIN, S , 17077
BCD, S , 16659
PSMWCB, S , 15360
HDNH, S , 15181
XZWAPFQ, S , 15198
OOAIFF, S , 28004
MNUH, S , 14612
XEDW, S , 15020
YIAFJ, S , 14446
BGGFGN, S , 14625
ETHI, S , 14651
KFXZBH, S , 14546
RYS, S , 14427
MBMICS, S , 14433
CBAM, S , 14303
QDEQPWR, S , 14534
PHXN, S , 14547
NMG, S , 14530
UTCJBEA, S , 14279
NRLRHR, S , 14323
TSQLI, S , 14317
QXIGY, S , 14967
ZPI, S , 14589
IVLVQXU, S , 14369
RIU, S , 14750
ABXTLRZ, S , 14551
PLW, S , 14579
OBUYBOQ, S , 14917
BJILHU, S , 14723
KUPV, S , 14938
CIRUQJL, S , 14931
OHHXTPW, S , 14753
VOMACSV, S , 15059
XSSUWYA, S , 15042
IAWVXZ, S , 14973
XPJSLCY, S , 14715
BZP, S , 14486
QSHCKMP, S , 14788
QCQJGH, S , 14834
IJMQGJ, S , 15484
LIXLJL, S , 15178
UMRFWOM, S , 14933
KAUW, S , 14927
AZPC, S , 14690
GZI, S , 14700
NLCXEWQ, S , 14900
NEUL, S , 14919
EJXWVQ, S , 14721
RPLCTM, S , 14890
XZUJLGI, S , 14794
NEQMDH, S , 14806
EIXRU, S , 14608
HTABCQS, S , 14948
IEPCQSX, S , 18297
VPSLJEP, S , 15068
YVN, S , 14829
OUTJ, S , 16577
HTXEWH, S , 14930
FPGA, S , 22054
NHLSBHI, S , 15779
KORHFR, S , 15299
FJXHSM, S , 15251
NROMLTP, S , 15109
EEMSISO, S , 15630
HIXV, S , 15299
MEUCS, S , 15479
UZWBIES, S , 20671
CUJZYHY, S , 15356
HWVZ, S , 15862
LMYQ, S , 27857
HTHKZ, S , 15029
LMJLG, S , 15213
VJVWAJM, S , 32711
MLCTM, S , 23020
RWMJIU, S , 15923
PVABGZO, S , 15406
HTQCSSE, S , 15468
WKNNNZ, S , 15540
GCUXCUI, S , 15546
AOZCC, S , 15307
QSKLRKN, S , 15571
BLRBI, S , 15574
TMOLS, S , 15224
GHCAJ, S , 15269
HLLEESN, S , 15389
ZLLQ, S , 15258
IBNBMF, S , 15260
RPTLV, S , 15438
JJKIBYH, S , 15570
FOFBJLF, S , 15226
OFIGHVI, S , 15206
FBRJ, S , 15421
TLDUNZY, S , 15360
OAJQJ, S , 15518
CXDOFVO, S , 15505
DDHV, S , 15115
KOJ, S , 14674
MNUBE, S , 14919
EIKMD, S , 14694
YCDCQPG, S , 14849
GDABYAU, S , 14739
RNCR, S , 14774
YHBSOND, S , 14597
AVC, S , 14425
FYTGL, S , 14653
DFMBGPH, S , 15492
CFNK, S , 14548
FXHOVCW, S , 14586
ZRUGIPW, S , 14803
DZTJA, S , 15311
UHPRGVO, S , 14826
VXSWZPJ, S , 14914
RXQHGOE, S , 14864
QKKIDY, S , 14666
ZFBWDJK, S , 14559
OKGF, S , 14696
DMLBHKS, S , 14613
KDSXBDX, S , 15142
PJIAKTS, S , 14720
ZGW, S , 14766
KCXUZ, S , 14786
PBXI, S , 14895
FDRFSLS, S , 14939
NTE, S , 21338
HLIX, S , 14794
ZHHL, S , 14276
SBIDMN, S , 14369
XXA, S , 13819
QYHV, S , 13876
FDYYPZ, S , 13767
JPS, S , 13576
UCSJS, S , 13796
UTIGEWL, S , 13861
FDYH, S , 13840
STLGRDU, S , 13872
HKPPWL, S , 14586
JRXJBW, S , 13937
YFVGCHS, S , 13995
XMVR, S , 14064
FQEHUAI, S , 13780
FLA, S , 14368
DFFRLUM, S , 13688
IXY, S , 13818
HKDAT, S , 13581
VTAUJDZ, S , 13791
YYFROA, S , 14311
YOENSW, S , 14638
GDPOAD, S , 13786
VEG, S , 14040
FVRRDJJ, S , 13604
EICILRQ, S , 13745
GCRNNYL, S , 13760
KPDIGGH, S , 13974
UCHXCZL, S , 14260
PKFCKLM, S , 13820
NAVSWWK, S , 14021
HTKIRU, S , 13996
AXMAVAO, S , 13687
KZM, S , 13871
QHM, S , 13814
KKYYB, S , 14060
SCBMPMN, S , 13472
KYID, S , 13286
KYSNWLO, S , 13360
KLXNBFG, S , 13157
OORFZUD, S , 13231
ZZGPZ, S , 13202
TJYZI, S , 13275
BKKRVCL, S , 13328
DZFBQWY, S , 13408
WHHLPO, S , 13633
JKXV, S , 13562
KOYGMNB, S , 13290
PGCXSWJ, S , 13298
VNJ, S , 13563
OAGFRGA, S , 13467
LCPGPWU, S , 13488
RHXKSLV, S , 13234
DKY, S , 13612
SXFHXBI, S , 13707
VNUTCD, S , 13308
MLIKOPN, S , 13295
KBDCWGQ, S , 13575
XUGSGCC, S , 13810
SYQQ, S , 13606
FTTPK, S , 14285
NGVXMLV, S , 13553
IOJLSLX, S , 13860
LWGRHUL, S , 13377
YRYRSY, S , 14649
HZO, S , 13382
EXQEDBX, S , 13967
CQGVYDB, S , 13447
WXXPXI, S , 13660
JASYUE, S , 13359
WFFXB, S , 13404
YQMFPH, S , 13469
QUANYG, S , 13400
VEMYM, S , 13439
MZJ, S , 13940
FTD, S , 13433
GJGWYL, S , 13551
BGR, S , 13637
ORLE, S , 16176
ZQXSY, S , 13989
NZBBY, S , 14266
HEFIBW, S , 13593
NIU, S , 13765
DWIIAU, S , 26380
WIGOROP, S , 13704
YHFTQQP, S , 13629
FAW, S , 13639
TKELEFI, S , 13476
PMCCVVN, S , 13629
MQLYXU, S , 13715
RLQZ, S , 13661
XJP, S , 13499
ZFX, S , 13420
ALMP, S , 13753
EHATFGJ, S , 13608
THOSHII, S , 13677
ORELCXB, S , 13314
METVQKI, S , 13759
HKUDMAB, S , 13359
ALIMHHK, S , 13193
JQCXESC, S , 13664
JZNOAWE, S , 13418
TRU, S , 13354
HPPIC, S , 13587
DZEDETY, S , 13436
UVMBIWD, S , 13466
NIJD, S , 13375
WCYLDNR, S , 13261
DAW, S , 13877
LOTRR, S , 13507
JFSWZ, S , 13496
YSJKRST, S , 13486
YNLZB, S , 13553
BBRH, S , 13400
KMH, S , 13557
NFJRQOP, S , 13373
BAQQMMK, S , 13598
EVTER, S , 13495
SQQVEPT, S , 13722
TBGZWYJ, S , 13478
SPFDCFO, S , 13390
OYNEGTC, S , 13334
ULZTNM, S , 13682
ZMK, S , 14120
PYXHBRX, S , 13469
OBFZTX, S , 14318
IWUBXR, S , 13541
ORBYYFE, S , 13236
EKEZUMD, S , 13396
GNSY, S , 13738
VLPQES, S , 13784
DNDNBCN, S , 13419
PDUZ, S , 13365
CHIFRP, S , 13540
YUBUHAR, S , 13518
EWIHXBX, S , 13429
YNOD, S , 13379
RCRXJOP, S , 13386
IRJNFOZ, S , 13815
ELQ, S , 13552
OKU, S , 13539
CYOIEZA, S , 13434
NBLGQGA, S , 13680
BVVN, S , 13528
RJQOSYF, S , 13719
KSYB, S , 14028
KBIFZH, S , 14077
EGDKJSF, S , 13367
EIHNW, S , 13538
NDKRGNO, S , 13760
QDORVMK, S , 13442
WIU, S , 13339
POS, S , 13500
BQM, S , 13504
FHUOH, S , 13452
EBJOBWF, S , 13405
WQBR, S , 13342
YAAXJSE, S , 13367
VTMVWPU, S , 13505
DEJWRXM, S , 13741
IFR, S , 13562
HTNPOX, S , 13417
KZVJUC, S , 13501
BTGWRSQ, S , 13389
NLXPW, S , 13399
GPZBQR, S , 13475
OOXBHQO, S , 13346
LITGER, S , 13403
EARKKJU, S , 13337
TOPSPOK, S , 13590
CZBU, S , 13493
LGTSWI, S , 13452
HQR, S , 13376
ZUEP, S , 13589
JJPWBDH, S , 13517
BWYA, S , 13317
ETYK, S , 13528
VBZ, S , 16181
XLARRP, S , 13933
WMQDOMU, S , 13727
WITSAEG, S , 13646
HVZGQGC, S , 13702
DZSNNQU, S , 13736
IUQPKJ, S , 13513
BEBCLI, S , 13498
JEL, S , 13454
CXVW, S , 13686
EKR, S , 13464
FKVAWWC, S , 13451
EETB, S , 13245
BPPZKL, S , 13214
NDMQYRY, S , 13574
PZS, S , 13564
YOMVDST, S , 13487
RTUELIV, S , 13537
IFWN, S , 13449
PSVWCZA, S , 13534
XUKDS, S , 13559
MKHHOTI, S , 13609
ZNUT, S , 13462
HSOQGLF, S , 13297
WTX, S , 13599
TIHMF, S , 13461
IHPAALM, S , 13142
QANHTWC, S , 13304
NMDKQQU, S , 13513
GSF, S , 13453
JCVAACZ, S , 13417
MJCX, S , 13557
HPY, S , 13695
ZSHDBD, S , 13398
AJE, S , 13452
IKSRDQO, S , 13375
QDPFHP, S , 13428
QZCL, S , 13481
JCKKJNA, S , 13480
OCELFPW, S , 13423
IUT, S , 13249
RTLRLN, S , 13497
EWG, S , 13420
NYYVAX, S , 13465
UKODQQ, S , 13553
BRPCJZY, S , 13389
RMCXL, S , 13480
MWAKRRR, S , 13599
BOIGTWX, S , 13566
UAYRWM, S , 13450
XGZFWDK, S , 13541
OIMR, S , 13367
PSDQU, S , 13408
PHILSKB, S , 13305
VGSRBN, S , 13328
IBCVUOL, S , 13680
KHK, S , 13418
KVRJMIE, S , 13578
NKOLTTK, S , 14114
UALJWCV, S , 13772
LNIDUF, S , 13466
TXIDVWA, S , 13479
KOVOZB, S , 13621
DRJFDQX, S , 13541
QFZZMV, S , 13469
UUECGU, S , 14116
GULMOPG, S , 14251
YKOJ, S , 13967
XQPUAPA, S , 26462
YNV, S , 13752
UTNM, S , 13484
PGAGBGH, S , 13452
MZIOH, S , 13815
ZFTBDCW, S , 14315
TGNZH, S , 13638
UUWTVKB, S , 13572
YISP, S , 13512
NNMMT, S , 13464
BSK, S , 13419
MZSGJSH, S , 13544
SEGHMCV, S , 13699
EENKGFC, S , 13457
CSSO, S , 13742
WWYGR, S , 13656
DZECFTC, S , 26295
KRLKRD, S , 21982
KLFZIBF, S , 14288
QJHBJIY, S , 13436
ECPE, S , 13568
EYPZOQ, S , 13752
CYQVC, S , 13511
WWKWLPT, S , 13397
SVR, S , 13361
JXNPWAF, S , 13527
TPKURKW, S , 13846
RWEO, S , 14489
VUT, S , 13649
ZJF, S , 13587
MNECERS, S , 13403
IOVTUS, S , 13589
OTRHOK, S , 13290
APZP, S , 13530
AUJHAYB, S , 14032
PRKSJDZ, S , 13325
VKXM, S , 13486
EHV, S , 13387
QSAHNPF, S , 27306
TPMFEOU, S , 14477
VSHBE, S , 14384
XHKVGUN, S , 14185
WFOW, S , 14140
FUDIZN, S , 14275
PGHXRLN, S , 14250
ZEP, S , 14307
VWKNFY, S , 14402
ZIN, S , 14414
PSQHNTJ, S , 14198
PWFLF, S , 14111
